noise_mm,density_per_cm2,azimuth_deg,n_ok,n_failed,bias_mm,std_mm,rmse_mm,loa95_mm,within_0p5,within_1p0
0.5,10.0,0.0,4,0,0.008698745376976291,0.09448583853163671,0.09189814197779426,0.19389098889898423,1.0,1.0
0.5,20.0,0.0,4,0,0.00300044730365967,0.054475240341984525,0.05283069662794733,0.10977191837394934,1.0,1.0
0.5,40.0,0.0,4,0,0.021546099327476642,0.05151778528223856,0.05433632725067225,0.12252095848066422,1.0,1.0
0.5,80.0,0.0,4,0,0.010375153189768782,0.02674207495994294,0.027894196816751617,0.06278962011125694,1.0,1.0
1.0,10.0,0.0,3,1,0.12903508217532167,0.2277206751543349,0.25334830997464597,0.5753676054778181,1.0,1.0
1.0,20.0,0.0,4,0,0.03938006121567161,0.16055197861660173,0.16036417444117365,0.354061939304211,1.0,1.0
1.0,40.0,0.0,4,0,0.017075788272322978,0.13471181033693877,0.13154713945620639,0.28111093653272295,1.0,1.0
1.0,80.0,0.0,4,0,0.01563751186611867,0.06975984578518865,0.06933120225474224,0.15236680960508842,1.0,1.0
2.0,10.0,0.0,4,0,0.10033263268576975,0.3884066408324954,0.3892269561698762,0.8616096487174607,0.875,1.0
2.0,20.0,0.0,4,0,0.09306870679990442,0.2490114472370049,0.2584435455511175,0.5811311433844341,0.9375,1.0
2.0,40.0,0.0,4,0,0.11369385755527334,0.2226704666231346,0.24374073604514285,0.5501279721366172,0.9375,1.0
2.0,80.0,0.0,4,0,0.08312566205130562,0.16605646510880492,0.1810005620036099,0.40859633366456327,1.0,1.0
3.0,10.0,0.0,2,2,0.9622974343993091,0.4441957575934947,1.0481710210803121,1.8329211192825587,0.0,0.625
3.0,20.0,0.0,4,0,0.7823819443802611,0.5027700917442065,0.921466581989106,1.767811324198906,0.1875,0.625
3.0,40.0,0.0,4,0,0.8594773388391683,0.4190104906310167,0.950419894195837,1.680737900475961,0.1875,0.75
3.0,80.0,0.0,4,0,0.6531778912270509,0.2997232459297976,0.7147452379897979,1.2406354532494541,0.25,0.8125
4.0,10.0,0.0,1,3,2.041277516232366,1.214888261742478,2.2964709914705046,4.422458509247623,0.0,0.25
4.0,20.0,0.0,4,0,2.283775749073986,0.4366624083232705,2.3225823133364845,3.139634069387596,0.0,0.0
4.0,40.0,0.0,4,0,1.7069283204732961,0.8558533831830617,1.8974480207361575,3.384400951512097,0.125,0.125
4.0,80.0,0.0,4,0,1.803177456084092,0.3366053671084281,1.8323947890597183,2.462923975616611,0.0,0.0
